{
  "sequence_length": 12001,
  "num_codons": 4001,
  "unique_codons": 65,
  "qubits": 7,
  "ansatz_layers": 6,
  "params": 42,
  "logical_gates": 60,
  "transpiled_depth": 39,
  "overlap": 0.9723996170764201,
  "f_target_trained": 0.9455610152903917,
  "f_trained_sherbrooke": 0.9391542660138404,
  "f_target_sherbrooke": 0.8880462033264767,
  "noise_drop": 0.06084573398618265,
  "runtime": 350.27750182151794
}