{
  "pipeline": "src4_aae_hbb",
  "sequence_length": 1608,
  "num_codons": 536,
  "unique_codons": 62,
  "qubits": 6,
  "ansatz_layers": 6,
  "params": 36,
  "logical_gates": 51,
  "transpiled_depth": 39,
  "transpiled_gates": 161,
  "transpiled_2q": 15,
  "overlap": 0.9637457250237693,
  "best_cost": 0.03625427497623068,
  "f_target_trained": 0.9288058225016032,
  "f_trained_aer": 1.0000000000000138,
  "f_trained_sherbrooke": 0.9461911889657936,
  "f_target_sherbrooke": 0.8788004888225593,
  "noise_drop": 0.053808811034220194,
  "recon_aer_pass": true,
  "recon_sherbrooke_pass": true,
  "shots": 8192,
  "runtime_seconds": 194.8
}