{
  "sequence_length": 12001,
  "num_codons": 4001,
  "unique_codons": 65,
  "encoding": "aae_lbfgs",
  "qubits": 7,
  "ansatz": "brickwall",
  "ansatz_layers": 6,
  "total_params": 42,
  "optimizer": "L-BFGS",
  "logical_ry": 42,
  "logical_cnot": 18,
  "logical_total": 60,
  "training_cost": 0.027066346297664023,
  "overlap": 0.972933653702336,
  "f_target_trained": 0.946599894506601,
  "f_trained_aer": 1.000000000000023,
  "f_trained_sherbrooke": 0.9405232120487312,
  "f_target_sherbrooke": 0.8903162941256043,
  "noise_drop": 0.059476787951291854,
  "transpiled_depth": 39,
  "transpiled_gates": 185,
  "recon_aer": true,
  "recon_sherbrooke": true,
  "runtime": 362.2234716415405
}